Periodo,Mes,Codigo_departamento,Departamento,Codigo_municipio,Municipio,Nombre_comercial,Bandera,Direccion,Producto,Precio,Estado,Full_address,Coords,LAT,LNG
2022,6,47,MAGDALENA,47001,SANTA MARTA,ESTACION DE SERVICIO PALMITAS,ECOS,Calle 24 No 11-44,GASOLINA CORRIENTE OXIGENADA,8600.0,A,"Calle 24 No 11-44, Santa marta, Colombia","(11.2373378, -74.20565359999999)",11.2373378,-74.20565359999999
2022,6,47,MAGDALENA,47001,SANTA MARTA,ESTACION DE SERVICIO PALMITAS,ECOS,Calle 24 No 11-44,BIODIESEL EXTRA,8550.0,A,"Calle 24 No 11-44, Santa marta, Colombia","(11.2373378, -74.20565359999999)",11.2373378,-74.20565359999999
2022,6,47,MAGDALENA,47001,SANTA MARTA,ESTACION DE SERVICIO AUTOMOTRIZ SANTA MONICA J M,PETROMIL,TRONCAL DEL CARIBE KILOMETRO 5 ENTRADA NEGUANJE,GASOLINA EXTRA OXIGENADA,11200.0,A,"TRONCAL DEL CARIBE KILOMETRO 5 ENTRADA NEGUANJE, Santa marta, Colombia","(11.2228784, -74.1705302)",11.2228784,-74.1705302
2022,6,47,MAGDALENA,47001,SANTA MARTA,ESTACION DE SERVICIO AUTOMOTRIZ SANTA MONICA J M,PETROMIL,TRONCAL DEL CARIBE KILOMETRO 5 ENTRADA NEGUANJE,BIODIESEL EXTRA,9140.0,A,"TRONCAL DEL CARIBE KILOMETRO 5 ENTRADA NEGUANJE, Santa marta, Colombia","(11.2228784, -74.1705302)",11.2228784,-74.1705302
2022,6,47,MAGDALENA,47001,SANTA MARTA,ESTACION DE SERVICIO AUTOMOTRIZ SANTA MONICA J M,PETROMIL,TRONCAL DEL CARIBE KILOMETRO 5 ENTRADA NEGUANJE,GASOLINA CORRIENTE OXIGENADA,9145.0,A,"TRONCAL DEL CARIBE KILOMETRO 5 ENTRADA NEGUANJE, Santa marta, Colombia","(11.2228784, -74.1705302)",11.2228784,-74.1705302
2022,6,47,MAGDALENA,47001,SANTA MARTA,ESTACION DE SERVICIO EL BURECHE,PUMA,CARRERA 21 No. 49-63,GASOLINA CORRIENTE OXIGENADA,9435.0,A,"CARRERA 21 No. 49-63, Santa marta, Colombia","(11.236376, -74.19025649999999)",11.236376,-74.19025649999999
2022,6,47,MAGDALENA,47001,SANTA MARTA,ESTACION DE SERVICIO EL BURECHE,PUMA,CARRERA 21 No. 49-63,GASOLINA EXTRA OXIGENADA,12990.0,A,"CARRERA 21 No. 49-63, Santa marta, Colombia","(11.236376, -74.19025649999999)",11.236376,-74.19025649999999
2022,6,47,MAGDALENA,47001,SANTA MARTA,ESTACION DE SERVICIO EL BURECHE,PUMA,CARRERA 21 No. 49-63,BIODIESEL EXTRA,9215.0,A,"CARRERA 21 No. 49-63, Santa marta, Colombia","(11.236376, -74.19025649999999)",11.236376,-74.19025649999999
2022,6,47,MAGDALENA,47001,SANTA MARTA,ESTACION DE SERVICIO LA LUCHA,ECOS,AVENIDA EL FERROCARRIL No. 39A-112,GASOLINA EXTRA OXIGENADA,11560.0,A,"AVENIDA EL FERROCARRIL No. 39A-112, Santa marta, Colombia","(11.247726, -74.2117713)",11.247726,-74.2117713
2022,6,47,MAGDALENA,47001,SANTA MARTA,ESTACION DE SERVICIO LA LUCHA,ECOS,AVENIDA EL FERROCARRIL No. 39A-112,GASOLINA CORRIENTE OXIGENADA,8990.0,A,"AVENIDA EL FERROCARRIL No. 39A-112, Santa marta, Colombia","(11.247726, -74.2117713)",11.247726,-74.2117713
2022,6,47,MAGDALENA,47001,SANTA MARTA,ESTACION DE SERVICIO LA LUCHA,ECOS,AVENIDA EL FERROCARRIL No. 39A-112,BIODIESEL EXTRA,8890.0,A,"AVENIDA EL FERROCARRIL No. 39A-112, Santa marta, Colombia","(11.247726, -74.2117713)",11.247726,-74.2117713
2022,6,47,MAGDALENA,47001,SANTA MARTA,EDS COESCO LA ONCE,MOBIL,Calle 11 No 12-60 Sector Mercado,GASOLINA EXTRA,17940.0,A,"Calle 11 No 12-60 Sector Mercado, Santa marta, Colombia","(11.2454642, -74.2029979)",11.2454642,-74.2029979
2022,6,47,MAGDALENA,47001,SANTA MARTA,EDS COESCO LA ONCE,MOBIL,Calle 11 No 12-60 Sector Mercado,GASOLINA CORRIENTE OXIGENADA,9040.0,A,"Calle 11 No 12-60 Sector Mercado, Santa marta, Colombia","(11.2454642, -74.2029979)",11.2454642,-74.2029979
2022,6,47,MAGDALENA,47001,SANTA MARTA,EDS COESCO LA ONCE,MOBIL,Calle 11 No 12-60 Sector Mercado,BIODIESEL EXTRA,9000.0,A,"Calle 11 No 12-60 Sector Mercado, Santa marta, Colombia","(11.2454642, -74.2029979)",11.2454642,-74.2029979
2022,6,47,MAGDALENA,47001,SANTA MARTA,EDS TRUCHA,ESSO,AVENIDA FERROCARRIL No. 21-100,GASOLINA EXTRA OXIGENADA,15050.0,A,"AVENIDA FERROCARRIL No. 21-100, Santa marta, Colombia","(11.2393102, -74.2062314)",11.2393102,-74.2062314
2022,6,47,MAGDALENA,47001,SANTA MARTA,EDS TRUCHA,ESSO,AVENIDA FERROCARRIL No. 21-100,GASOLINA CORRIENTE OXIGENADA,8660.0,A,"AVENIDA FERROCARRIL No. 21-100, Santa marta, Colombia","(11.2393102, -74.2062314)",11.2393102,-74.2062314
2022,6,47,MAGDALENA,47001,SANTA MARTA,EDS TRUCHA,ESSO,AVENIDA FERROCARRIL No. 21-100,BIODIESEL EXTRA,8350.0,A,"AVENIDA FERROCARRIL No. 21-100, Santa marta, Colombia","(11.2393102, -74.2062314)",11.2393102,-74.2062314
2022,6,47,MAGDALENA,47001,SANTA MARTA,ESTACION DE SERVICIO RODADERO 01 PUMA,PUMA,CARRERA 4 No. 9-21 RODADERO,GASOLINA EXTRA OXIGENADA,17000.0,A,"CARRERA 4 No. 9-21 RODADERO, Santa marta, Colombia","(11.2483866, -74.21067219999999)",11.2483866,-74.21067219999999
2022,6,47,MAGDALENA,47001,SANTA MARTA,ESTACION DE SERVICIO RODADERO 01 PUMA,PUMA,CARRERA 4 No. 9-21 RODADERO,GASOLINA CORRIENTE OXIGENADA,9550.0,A,"CARRERA 4 No. 9-21 RODADERO, Santa marta, Colombia","(11.2483866, -74.21067219999999)",11.2483866,-74.21067219999999
2022,6,47,MAGDALENA,47001,SANTA MARTA,ESTACION DE SERVICIO RODADERO 01 PUMA,PUMA,CARRERA 4 No. 9-21 RODADERO,BIODIESEL EXTRA,9240.0,A,"CARRERA 4 No. 9-21 RODADERO, Santa marta, Colombia","(11.2483866, -74.21067219999999)",11.2483866,-74.21067219999999
2022,6,47,MAGDALENA,47001,SANTA MARTA,ESTACION DE SERVICIO SIERRA NEVADA 2,ECOS,CALLE 30 No. 60-252,BIODIESEL EXTRA,8460.0,A,"CALLE 30 No. 60-252, Santa marta, Colombia","(11.223615, -74.1625763)",11.223615,-74.1625763
2022,6,47,MAGDALENA,47001,SANTA MARTA,ESTACION DE SERVICIO SIERRA NEVADA 2,ECOS,CALLE 30 No. 60-252,GASOLINA EXTRA OXIGENADA,14000.0,A,"CALLE 30 No. 60-252, Santa marta, Colombia","(11.223615, -74.1625763)",11.223615,-74.1625763
2022,6,47,MAGDALENA,47001,SANTA MARTA,ESTACION DE SERVICIO SIERRA NEVADA 2,ECOS,CALLE 30 No. 60-252,GASOLINA CORRIENTE OXIGENADA,8770.0,A,"CALLE 30 No. 60-252, Santa marta, Colombia","(11.223615, -74.1625763)",11.223615,-74.1625763
2022,6,47,MAGDALENA,47001,SANTA MARTA,ESTACION DE SERVICIO ESTADIO,TEXACO,AVENIDA LIBERTADOR  No. 19-02,GASOLINA EXTRA OXIGENADA,15050.0,A,"AVENIDA LIBERTADOR  No. 19-02, Santa marta, Colombia","(11.2410952, -74.1939451)",11.2410952,-74.1939451
2022,6,47,MAGDALENA,47001,SANTA MARTA,ESTACION DE SERVICIO ESTADIO,TEXACO,AVENIDA LIBERTADOR  No. 19-02,GASOLINA CORRIENTE OXIGENADA,8590.0,A,"AVENIDA LIBERTADOR  No. 19-02, Santa marta, Colombia","(11.2410952, -74.1939451)",11.2410952,-74.1939451
2022,6,47,MAGDALENA,47001,SANTA MARTA,ESTACION DE SERVICIO ESTADIO,TEXACO,AVENIDA LIBERTADOR  No. 19-02,BIODIESEL EXTRA,8380.0,A,"AVENIDA LIBERTADOR  No. 19-02, Santa marta, Colombia","(11.2410952, -74.1939451)",11.2410952,-74.1939451
2022,6,47,MAGDALENA,47001,SANTA MARTA,EDS  ARCAS COSTA AZUL,TERPEL,KILOMETRO 15 CARRETERA DE SANTA MARTA A CIENAGA BARRIO DON JACA,GASOLINA CORRIENTE OXIGENADA,9165.0,A,"KILOMETRO 15 CARRETERA DE SANTA MARTA A CIENAGA BARRIO DON JACA, Santa marta, Colombia","(11.2403547, -74.2110227)",11.2403547,-74.2110227
2022,6,47,MAGDALENA,47001,SANTA MARTA,EDS  ARCAS COSTA AZUL,TERPEL,KILOMETRO 15 CARRETERA DE SANTA MARTA A CIENAGA BARRIO DON JACA,BIODIESEL EXTRA,9180.0,A,"KILOMETRO 15 CARRETERA DE SANTA MARTA A CIENAGA BARRIO DON JACA, Santa marta, Colombia","(11.2403547, -74.2110227)",11.2403547,-74.2110227
2022,6,47,MAGDALENA,47001,SANTA MARTA,ESTACION DE SERVICIO AUTOMOTRIZ TAYRONA,ZEUSS,KILOMETRO 8 ANTIGUO RETEN DE GAIRA,BIODIESEL EXTRA,8790.0,A,"KILOMETRO 8 ANTIGUO RETEN DE GAIRA, Santa marta, Colombia","(11.192932, -74.2042666)",11.192932,-74.2042666
2022,6,47,MAGDALENA,47001,SANTA MARTA,ESTACION DE SERVICIO AUTOMOTRIZ TAYRONA,ZEUSS,KILOMETRO 8 ANTIGUO RETEN DE GAIRA,GASOLINA CORRIENTE OXIGENADA,9050.0,A,"KILOMETRO 8 ANTIGUO RETEN DE GAIRA, Santa marta, Colombia","(11.192932, -74.2042666)",11.192932,-74.2042666
2022,6,47,MAGDALENA,47001,SANTA MARTA,ESTACION DE SERVICIOS BELLO HORIZONTE,BIOMAX,CARRERA 4 No. 135-15 SECTOR BELLO HORIZONTE,GASOLINA EXTRA OXIGENADA,15000.0,A,"CARRERA 4 No. 135-15 SECTOR BELLO HORIZONTE, Santa marta, Colombia","(11.1532901, -74.2275686)",11.1532901,-74.2275686
2022,6,47,MAGDALENA,47001,SANTA MARTA,ESTACION DE SERVICIOS BELLO HORIZONTE,BIOMAX,CARRERA 4 No. 135-15 SECTOR BELLO HORIZONTE,BIODIESEL EXTRA,8650.0,A,"CARRERA 4 No. 135-15 SECTOR BELLO HORIZONTE, Santa marta, Colombia","(11.1532901, -74.2275686)",11.1532901,-74.2275686
2022,6,47,MAGDALENA,47001,SANTA MARTA,ESTACION DE SERVICIOS BELLO HORIZONTE,BIOMAX,CARRERA 4 No. 135-15 SECTOR BELLO HORIZONTE,GASOLINA CORRIENTE OXIGENADA,9040.0,A,"CARRERA 4 No. 135-15 SECTOR BELLO HORIZONTE, Santa marta, Colombia","(11.1532901, -74.2275686)",11.1532901,-74.2275686
2022,6,47,MAGDALENA,47001,SANTA MARTA,EL TREBOL 2,PETROBRAS,Kilometro 9 Carretera Troncal Via Cienaga,BIODIESEL EXTRA,9459.0,A,"Kilometro 9 Carretera Troncal Via Cienaga, Santa marta, Colombia","(10.8688646, -74.3822058)",10.8688646,-74.3822058
2022,6,47,MAGDALENA,47001,SANTA MARTA,EL TREBOL 2,PETROBRAS,Kilometro 9 Carretera Troncal Via Cienaga,GASOLINA EXTRA OXIGENADA,17240.0,A,"Kilometro 9 Carretera Troncal Via Cienaga, Santa marta, Colombia","(10.8688646, -74.3822058)",10.8688646,-74.3822058
2022,6,47,MAGDALENA,47001,SANTA MARTA,EL TREBOL 2,PETROBRAS,Kilometro 9 Carretera Troncal Via Cienaga,GASOLINA CORRIENTE OXIGENADA,9620.0,A,"Kilometro 9 Carretera Troncal Via Cienaga, Santa marta, Colombia","(10.8688646, -74.3822058)",10.8688646,-74.3822058
2022,6,47,MAGDALENA,47001,SANTA MARTA,SUPER STATION BULEVAR LA 19,PETROMIL,LOTE 9 URBANIZACION BULEVAR DIECINUEVE(19) ETAPA II,BIODIESEL EXTRA,9030.0,A,"LOTE 9 URBANIZACION BULEVAR DIECINUEVE(19) ETAPA II, Santa marta, Colombia","(11.226133, -74.19623)",11.226133,-74.19623
2022,6,47,MAGDALENA,47001,SANTA MARTA,SUPER STATION BULEVAR LA 19,PETROMIL,LOTE 9 URBANIZACION BULEVAR DIECINUEVE(19) ETAPA II,GASOLINA EXTRA OXIGENADA,17000.0,A,"LOTE 9 URBANIZACION BULEVAR DIECINUEVE(19) ETAPA II, Santa marta, Colombia","(11.226133, -74.19623)",11.226133,-74.19623
2022,6,47,MAGDALENA,47001,SANTA MARTA,SUPER STATION BULEVAR LA 19,PETROMIL,LOTE 9 URBANIZACION BULEVAR DIECINUEVE(19) ETAPA II,GASOLINA CORRIENTE OXIGENADA,8980.0,A,"LOTE 9 URBANIZACION BULEVAR DIECINUEVE(19) ETAPA II, Santa marta, Colombia","(11.226133, -74.19623)",11.226133,-74.19623
2022,6,47,MAGDALENA,47001,SANTA MARTA,ESTACION DE SERVICIO DISTRACOM LA MILAGROSA,TEXACO,CALLE 30 No. 17A-78,BIODIESEL EXTRA,8870.0,A,"CALLE 30 No. 17A-78, Santa marta, Colombia","(11.2246231, -74.20246560000001)",11.2246231,-74.20246560000001
2022,6,47,MAGDALENA,47001,SANTA MARTA,ESTACION DE SERVICIO DISTRACOM LA MILAGROSA,TEXACO,CALLE 30 No. 17A-78,GASOLINA CORRIENTE OXIGENADA,8840.0,A,"CALLE 30 No. 17A-78, Santa marta, Colombia","(11.2246231, -74.20246560000001)",11.2246231,-74.20246560000001
2022,6,47,MAGDALENA,47001,SANTA MARTA,ARCAS 22,TERPEL,CARRERA 12 NO 22-20,GASOLINA CORRIENTE OXIGENADA,8840.0,A,"CARRERA 12 NO 22-20, Santa marta, Colombia","(11.2385422, -74.2049613)",11.2385422,-74.2049613
2022,6,47,MAGDALENA,47001,SANTA MARTA,ARCAS 22,TERPEL,CARRERA 12 NO 22-20,GASOLINA EXTRA OXIGENADA,18480.0,A,"CARRERA 12 NO 22-20, Santa marta, Colombia","(11.2385422, -74.2049613)",11.2385422,-74.2049613
2022,6,47,MAGDALENA,47001,SANTA MARTA,ARCAS 22,TERPEL,CARRERA 12 NO 22-20,BIODIESEL EXTRA,8870.0,A,"CARRERA 12 NO 22-20, Santa marta, Colombia","(11.2385422, -74.2049613)",11.2385422,-74.2049613
2022,6,47,MAGDALENA,47001,SANTA MARTA,ESTACION DE SERVICIO AUTOMOTRIZ MANZANARES,ECOS,CALLE 32 No. 3-94 MANZANARES,GASOLINA CORRIENTE OXIGENADA,8890.0,A,"CALLE 32 No. 3-94 MANZANARES, Santa marta, Colombia","(11.23232, -74.21737)",11.23232,-74.21737
2022,6,47,MAGDALENA,47001,SANTA MARTA,ESTACION DE SERVICIO AUTOMOTRIZ MANZANARES,ECOS,CALLE 32 No. 3-94 MANZANARES,BIODIESEL EXTRA,8760.0,A,"CALLE 32 No. 3-94 MANZANARES, Santa marta, Colombia","(11.23232, -74.21737)",11.23232,-74.21737
2022,6,47,MAGDALENA,47001,SANTA MARTA,ESTACION DE SERVICIO AUTOMOTRIZ MANZANARES,ECOS,CALLE 32 No. 3-94 MANZANARES,GASOLINA EXTRA OXIGENADA,16710.0,A,"CALLE 32 No. 3-94 MANZANARES, Santa marta, Colombia","(11.23232, -74.21737)",11.23232,-74.21737
2022,6,47,MAGDALENA,47001,SANTA MARTA,EDS ZUCA SUCOSERVICIOS,PUMA,Autopista 7 VIA A GAIRA,GASOLINA EXTRA OXIGENADA,11600.0,A,"Autopista 7 VIA A GAIRA, Santa marta, Colombia","(11.196386, -74.218361)",11.196386,-74.218361
2022,6,47,MAGDALENA,47001,SANTA MARTA,EDS ZUCA SUCOSERVICIOS,PUMA,Autopista 7 VIA A GAIRA,GASOLINA CORRIENTE OXIGENADA,8950.0,A,"Autopista 7 VIA A GAIRA, Santa marta, Colombia","(11.196386, -74.218361)",11.196386,-74.218361
2022,6,47,MAGDALENA,47001,SANTA MARTA,EDS ZUCA SUCOSERVICIOS,PUMA,Autopista 7 VIA A GAIRA,BIODIESEL EXTRA,8550.0,A,"Autopista 7 VIA A GAIRA, Santa marta, Colombia","(11.196386, -74.218361)",11.196386,-74.218361
2022,6,47,MAGDALENA,47001,SANTA MARTA,ESTACION DE SERVICIO TERPEL GASXY TAYRONA,TERPEL,CARRERA 14 No. 27 ESQUINA,GASOLINA EXTRA OXIGENADA,17520.0,A,"CARRERA 14 No. 27 ESQUINA, Santa marta, Colombia","(11.2403547, -74.2110227)",11.2403547,-74.2110227
2022,6,47,MAGDALENA,47001,SANTA MARTA,ESTACION DE SERVICIO TERPEL GASXY TAYRONA,TERPEL,CARRERA 14 No. 27 ESQUINA,GASOLINA CORRIENTE OXIGENADA,8780.0,A,"CARRERA 14 No. 27 ESQUINA, Santa marta, Colombia","(11.2403547, -74.2110227)",11.2403547,-74.2110227
2022,6,47,MAGDALENA,47001,SANTA MARTA,ESTACION DE SERVICIO TERPEL GASXY TAYRONA,TERPEL,CARRERA 14 No. 27 ESQUINA,BIODIESEL EXTRA,8680.0,A,"CARRERA 14 No. 27 ESQUINA, Santa marta, Colombia","(11.2403547, -74.2110227)",11.2403547,-74.2110227
2022,6,47,MAGDALENA,47001,SANTA MARTA,ESTACION DE SERVICIO TERPEL DEL RIO,TERPEL,Avenida del Rio No.29-85,GASOLINA EXTRA OXIGENADA,18480.0,A,"Avenida del Rio No.29-85, Santa marta, Colombia","(11.2403547, -74.2110227)",11.2403547,-74.2110227
2022,6,47,MAGDALENA,47001,SANTA MARTA,ESTACION DE SERVICIO TERPEL DEL RIO,TERPEL,Avenida del Rio No.29-85,GASOLINA CORRIENTE OXIGENADA,8990.0,A,"Avenida del Rio No.29-85, Santa marta, Colombia","(11.2403547, -74.2110227)",11.2403547,-74.2110227
2022,6,47,MAGDALENA,47001,SANTA MARTA,ESTACION DE SERVICIO TERPEL DEL RIO,TERPEL,Avenida del Rio No.29-85,BIODIESEL EXTRA,8970.0,A,"Avenida del Rio No.29-85, Santa marta, Colombia","(11.2403547, -74.2110227)",11.2403547,-74.2110227
2022,6,47,MAGDALENA,47001,SANTA MARTA,ESTACIÃN DE SERVICIOS COOTRANSMAG-CARIBE,SAVE,TRONCAL DEL CARIBE FRENTE A URBANIZACION EL PARQUE,BIODIESEL EXTRA,8890.0,A,"TRONCAL DEL CARIBE FRENTE A URBANIZACION EL PARQUE, Santa marta, Colombia","(11.2228784, -74.1705302)",11.2228784,-74.1705302
2022,6,47,MAGDALENA,47001,SANTA MARTA,ESTACIÃN DE SERVICIOS COOTRANSMAG-CARIBE,SAVE,TRONCAL DEL CARIBE FRENTE A URBANIZACION EL PARQUE,GASOLINA CORRIENTE OXIGENADA,8990.0,A,"TRONCAL DEL CARIBE FRENTE A URBANIZACION EL PARQUE, Santa marta, Colombia","(11.2228784, -74.1705302)",11.2228784,-74.1705302
2022,6,47,MAGDALENA,47001,SANTA MARTA,ESTACIÃN DE SERVICIOS COOTRANSMAG-CARIBE,SAVE,TRONCAL DEL CARIBE FRENTE A URBANIZACION EL PARQUE,GASOLINA EXTRA OXIGENADA,17300.0,A,"TRONCAL DEL CARIBE FRENTE A URBANIZACION EL PARQUE, Santa marta, Colombia","(11.2228784, -74.1705302)",11.2228784,-74.1705302
2022,6,47,MAGDALENA,47001,SANTA MARTA,TEAM ALLIANCE LTDA,TERPEL,CALLE 30 No. 57A-80 TRONCAL DEL CARIBE,BIODIESEL EXTRA,8964.0,A,"CALLE 30 No. 57A-80 TRONCAL DEL CARIBE, Santa marta, Colombia","(11.2236892, -74.1643422)",11.2236892,-74.1643422
2022,6,47,MAGDALENA,47001,SANTA MARTA,ESTACION DE SERVICIO EL MANANTIAL,BIOMAX,KILOMETRO 13 VIA AL AEROPUERTO SECTOR POZO COLORADO,GASOLINA EXTRA OXIGENADA,14000.0,A,"KILOMETRO 13 VIA AL AEROPUERTO SECTOR POZO COLORADO, Santa marta, Colombia","(11.16597, -74.23044)",11.16597,-74.23044
2022,6,47,MAGDALENA,47001,SANTA MARTA,ESTACION DE SERVICIO EL MANANTIAL,BIOMAX,KILOMETRO 13 VIA AL AEROPUERTO SECTOR POZO COLORADO,GASOLINA CORRIENTE OXIGENADA,9110.0,A,"KILOMETRO 13 VIA AL AEROPUERTO SECTOR POZO COLORADO, Santa marta, Colombia","(11.16597, -74.23044)",11.16597,-74.23044
2022,6,47,MAGDALENA,47001,SANTA MARTA,ESTACION DE SERVICIO EL MANANTIAL,BIOMAX,KILOMETRO 13 VIA AL AEROPUERTO SECTOR POZO COLORADO,BIODIESEL EXTRA,8990.0,A,"KILOMETRO 13 VIA AL AEROPUERTO SECTOR POZO COLORADO, Santa marta, Colombia","(11.16597, -74.23044)",11.16597,-74.23044
2022,6,47,MAGDALENA,47001,SANTA MARTA,EDS ARCAS RODADERO,TERPEL,RODADERO SUR ENTRADA A PLAYA SALGUERO,GASOLINA CORRIENTE OXIGENADA,9300.0,A,"RODADERO SUR ENTRADA A PLAYA SALGUERO, Santa marta, Colombia","(11.1894575, -74.2328241)",11.1894575,-74.2328241
2022,6,47,MAGDALENA,47001,SANTA MARTA,EDS ARCAS RODADERO,TERPEL,RODADERO SUR ENTRADA A PLAYA SALGUERO,BIODIESEL EXTRA,9230.0,A,"RODADERO SUR ENTRADA A PLAYA SALGUERO, Santa marta, Colombia","(11.1894575, -74.2328241)",11.1894575,-74.2328241
2022,6,47,MAGDALENA,47001,SANTA MARTA,EDS ARCAS RODADERO,TERPEL,RODADERO SUR ENTRADA A PLAYA SALGUERO,GASOLINA EXTRA OXIGENADA,18560.0,A,"RODADERO SUR ENTRADA A PLAYA SALGUERO, Santa marta, Colombia","(11.1894575, -74.2328241)",11.1894575,-74.2328241
2022,6,47,MAGDALENA,47001,SANTA MARTA,EDS Y CENTRO DE NEGOCIOS PORTAL DEL CARIBE,BIOMAX,Kilometro 4 VIA ALTERNA VEREDA PUENTE LIMON,GASOLINA CORRIENTE OXIGENADA,9122.0,A,"Kilometro 4 VIA ALTERNA VEREDA PUENTE LIMON, Santa marta, Colombia","(11.2073184, -74.17467649999999)",11.2073184,-74.17467649999999
2022,6,47,MAGDALENA,47001,SANTA MARTA,EDS Y CENTRO DE NEGOCIOS PORTAL DEL CARIBE,BIOMAX,Kilometro 4 VIA ALTERNA VEREDA PUENTE LIMON,BIODIESEL EXTRA,8963.0,A,"Kilometro 4 VIA ALTERNA VEREDA PUENTE LIMON, Santa marta, Colombia","(11.2073184, -74.17467649999999)",11.2073184,-74.17467649999999
2022,6,47,MAGDALENA,47001,SANTA MARTA,CENTRO COMERCIAL Y ESTACION DE SERVICIOS BASTIDAS,PETROMIL,CALLE 14 No. 27-195,GASOLINA EXTRA OXIGENADA,18000.0,A,"CALLE 14 No. 27-195, Santa marta, Colombia","(11.2408487, -74.1817258)",11.2408487,-74.1817258
2022,6,47,MAGDALENA,47001,SANTA MARTA,CENTRO COMERCIAL Y ESTACION DE SERVICIOS BASTIDAS,PETROMIL,CALLE 14 No. 27-195,GASOLINA CORRIENTE OXIGENADA,9010.0,A,"CALLE 14 No. 27-195, Santa marta, Colombia","(11.2408487, -74.1817258)",11.2408487,-74.1817258
2022,6,47,MAGDALENA,47001,SANTA MARTA,CENTRO COMERCIAL Y ESTACION DE SERVICIOS BASTIDAS,PETROMIL,CALLE 14 No. 27-195,BIODIESEL EXTRA,8900.0,A,"CALLE 14 No. 27-195, Santa marta, Colombia","(11.2408487, -74.1817258)",11.2408487,-74.1817258
2022,6,47,MAGDALENA,47001,SANTA MARTA,EDS ARCAS VIA ALTERNA,TERPEL,CALLE 11 No. 29 A-18,GASOLINA CORRIENTE OXIGENADA,9145.0,A,"CALLE 11 No. 29 A-18, Santa marta, Colombia","(11.2466107, -74.2127122)",11.2466107,-74.2127122
2022,6,47,MAGDALENA,47001,SANTA MARTA,EDS ARCAS VIA ALTERNA,TERPEL,CALLE 11 No. 29 A-18,BIODIESEL EXTRA,8970.0,A,"CALLE 11 No. 29 A-18, Santa marta, Colombia","(11.2466107, -74.2127122)",11.2466107,-74.2127122
2022,6,47,MAGDALENA,47001,SANTA MARTA,DISTRACOM LA QUINTA,TEXACO,CALLE 30 No. 31-242,BIODIESEL EXTRA,8460.0,A,"CALLE 30 No. 31-242, Santa marta, Colombia","(11.2336747, -74.2149005)",11.2336747,-74.2149005
2022,6,47,MAGDALENA,47001,SANTA MARTA,DISTRACOM LA QUINTA,TEXACO,CALLE 30 No. 31-242,GASOLINA CORRIENTE OXIGENADA,8770.0,A,"CALLE 30 No. 31-242, Santa marta, Colombia","(11.2336747, -74.2149005)",11.2336747,-74.2149005
2022,6,47,MAGDALENA,47001,SANTA MARTA,DISTRACOM LA QUINTA,TEXACO,CALLE 30 No. 31-242,GASOLINA EXTRA OXIGENADA,16790.0,A,"CALLE 30 No. 31-242, Santa marta, Colombia","(11.2336747, -74.2149005)",11.2336747,-74.2149005
2022,6,47,MAGDALENA,47001,SANTA MARTA,EDS MARINA SANTA MARTA,PETROBRAS,CARRERA 1 No. 22-93 BELLAVISTA,GASOLINA CORRIENTE OXIGENADA,9400.0,A,"CARRERA 1 No. 22-93 BELLAVISTA, Santa marta, Colombia","(11.2480344, -74.2137151)",11.2480344,-74.2137151
2022,6,47,MAGDALENA,47001,SANTA MARTA,EDS MARINA SANTA MARTA,PETROBRAS,CARRERA 1 No. 22-93 BELLAVISTA,BIODIESEL EXTRA,9600.0,A,"CARRERA 1 No. 22-93 BELLAVISTA, Santa marta, Colombia","(11.2480344, -74.2137151)",11.2480344,-74.2137151
2022,6,47,MAGDALENA,47001,SANTA MARTA,EDS SANTA MARTA,BIOMAX,CARRERA 15 AVENIDA FERROCARRIL No. 29-364 BARRIO BAVARIA,BIODIESEL EXTRA,8629.0,A,"CARRERA 15 AVENIDA FERROCARRIL No. 29-364 BARRIO BAVARIA, Santa marta, Colombia","(11.2299771, -74.1993421)",11.2299771,-74.1993421
2022,6,47,MAGDALENA,47001,SANTA MARTA,EDS SANTA MARTA,BIOMAX,CARRERA 15 AVENIDA FERROCARRIL No. 29-364 BARRIO BAVARIA,GASOLINA CORRIENTE OXIGENADA,8729.0,A,"CARRERA 15 AVENIDA FERROCARRIL No. 29-364 BARRIO BAVARIA, Santa marta, Colombia","(11.2299771, -74.1993421)",11.2299771,-74.1993421
2022,6,47,MAGDALENA,47001,SANTA MARTA,ESTACION DE SERVICIO AUTOMOTRIZ TERPEL FERROCARRIL SANTA MARTA,TERPEL,CARRERA 21 No. 29 L4 250,GASOLINA CORRIENTE OXIGENADA,8780.0,A,"CARRERA 21 No. 29 L4 250, Santa marta, Colombia","(11.224469, -74.1944185)",11.224469,-74.1944185
2022,6,47,MAGDALENA,47001,SANTA MARTA,ESTACION DE SERVICIO AUTOMOTRIZ TERPEL FERROCARRIL SANTA MARTA,TERPEL,CARRERA 21 No. 29 L4 250,GASOLINA EXTRA OXIGENADA,17539.0,A,"CARRERA 21 No. 29 L4 250, Santa marta, Colombia","(11.224469, -74.1944185)",11.224469,-74.1944185
2022,6,47,MAGDALENA,47001,SANTA MARTA,ESTACION DE SERVICIO AUTOMOTRIZ TERPEL FERROCARRIL SANTA MARTA,TERPEL,CARRERA 21 No. 29 L4 250,BIODIESEL EXTRA,8680.0,A,"CARRERA 21 No. 29 L4 250, Santa marta, Colombia","(11.224469, -74.1944185)",11.224469,-74.1944185
2022,6,47,MAGDALENA,47001,SANTA MARTA,EDS ARCAS VIA TAYRONA,TERPEL,CALLE 30 No. 81-74 BARRIO ONCE DE NOVIEMBRE,GASOLINA CORRIENTE OXIGENADA,9090.0,A,"CALLE 30 No. 81-74 BARRIO ONCE DE NOVIEMBRE, Santa marta, Colombia","(11.2163502, -74.1592857)",11.2163502,-74.1592857
2022,6,47,MAGDALENA,47001,SANTA MARTA,EDS ARCAS VIA TAYRONA,TERPEL,CALLE 30 No. 81-74 BARRIO ONCE DE NOVIEMBRE,BIODIESEL EXTRA,9010.0,A,"CALLE 30 No. 81-74 BARRIO ONCE DE NOVIEMBRE, Santa marta, Colombia","(11.2163502, -74.1592857)",11.2163502,-74.1592857
2022,6,47,MAGDALENA,47001,SANTA MARTA,EDS ARCAS VIA TAYRONA,TERPEL,CALLE 30 No. 81-74 BARRIO ONCE DE NOVIEMBRE,GASOLINA EXTRA OXIGENADA,17310.0,A,"CALLE 30 No. 81-74 BARRIO ONCE DE NOVIEMBRE, Santa marta, Colombia","(11.2163502, -74.1592857)",11.2163502,-74.1592857
2022,6,47,MAGDALENA,47001,SANTA MARTA,ESTACION DE SERVICIO COMBUSCOL PUERTO DEL SOL,TEXACO,VIA ALTERNA AL PUERTO SECTOR MAMATOCO-PRODELSOL,BIODIESEL EXTRA,8980.0,A,"VIA ALTERNA AL PUERTO SECTOR MAMATOCO-PRODELSOL, Santa marta, Colombia","(11.227466, -74.174858)",11.227466,-74.174858
2022,6,47,MAGDALENA,47001,SANTA MARTA,ESTACION DE SERVICIO COMBUSCOL PUERTO DEL SOL,TEXACO,VIA ALTERNA AL PUERTO SECTOR MAMATOCO-PRODELSOL,GASOLINA CORRIENTE OXIGENADA,9327.0,A,"VIA ALTERNA AL PUERTO SECTOR MAMATOCO-PRODELSOL, Santa marta, Colombia","(11.227466, -74.174858)",11.227466,-74.174858
2022,6,47,MAGDALENA,47001,SANTA MARTA,ESTACION DE SERVICIO COMBUSCOL PUERTO DEL SOL,TEXACO,VIA ALTERNA AL PUERTO SECTOR MAMATOCO-PRODELSOL,GASOLINA EXTRA OXIGENADA,16970.0,A,"VIA ALTERNA AL PUERTO SECTOR MAMATOCO-PRODELSOL, Santa marta, Colombia","(11.227466, -74.174858)",11.227466,-74.174858
2022,6,47,MAGDALENA,47001,SANTA MARTA,EDS ARCAS VIA MINCA,TERPEL,CARRERA 66 N 48-22,BIODIESEL EXTRA,8855.0,A,"CARRERA 66 N 48-22, Santa marta, Colombia","(11.2129558, -74.1621385)",11.2129558,-74.1621385
2022,6,47,MAGDALENA,47001,SANTA MARTA,EDS ARCAS VIA MINCA,TERPEL,CARRERA 66 N 48-22,GASOLINA CORRIENTE OXIGENADA,8955.0,A,"CARRERA 66 N 48-22, Santa marta, Colombia","(11.2129558, -74.1621385)",11.2129558,-74.1621385
2022,6,47,MAGDALENA,47001,SANTA MARTA,ESTACION DE SERVICIO AV 19 SANTA MARTA,TERPEL,CARRERA 19 NO. 26B-107,BIODIESEL EXTRA,8680.0,A,"CARRERA 19 NO. 26B-107, Santa marta, Colombia","(11.2326724, -74.19520039999999)",11.2326724,-74.19520039999999
2022,6,47,MAGDALENA,47001,SANTA MARTA,ESTACION DE SERVICIO AV 19 SANTA MARTA,TERPEL,CARRERA 19 NO. 26B-107,GASOLINA CORRIENTE OXIGENADA,8780.0,A,"CARRERA 19 NO. 26B-107, Santa marta, Colombia","(11.2326724, -74.19520039999999)",11.2326724,-74.19520039999999
2022,6,47,MAGDALENA,47001,SANTA MARTA,ESTACION DE SERVICIO AV 19 SANTA MARTA,TERPEL,CARRERA 19 NO. 26B-107,GASOLINA EXTRA OXIGENADA,17520.0,A,"CARRERA 19 NO. 26B-107, Santa marta, Colombia","(11.2326724, -74.19520039999999)",11.2326724,-74.19520039999999
2022,6,47,MAGDALENA,47001,SANTA MARTA,ESTACION DE SERVICIO LOS ALMENDROS CRA 19,PUMA,CARRERA 19 No. 9A-03,GASOLINA EXTRA OXIGENADA,15000.0,A,"CARRERA 19 No. 9A-03, Santa marta, Colombia","(11.2468112, -74.193607)",11.2468112,-74.193607
2022,6,47,MAGDALENA,47001,SANTA MARTA,ESTACION DE SERVICIO LOS ALMENDROS CRA 19,PUMA,CARRERA 19 No. 9A-03,GASOLINA CORRIENTE OXIGENADA,9070.0,A,"CARRERA 19 No. 9A-03, Santa marta, Colombia","(11.2468112, -74.193607)",11.2468112,-74.193607
2022,6,47,MAGDALENA,47001,SANTA MARTA,ESTACION DE SERVICIO LOS ALMENDROS CRA 19,PUMA,CARRERA 19 No. 9A-03,BIODIESEL EXTRA,8940.0,A,"CARRERA 19 No. 9A-03, Santa marta, Colombia","(11.2468112, -74.193607)",11.2468112,-74.193607
2022,6,47,MAGDALENA,47001,SANTA MARTA,EDS JERUSALEN SION,PUMA,KILOMETREO 17 Via CIENAGA-SANTA MAR CALLE 161A-12,GASOLINA CORRIENTE OXIGENADA,8950.0,A,"KILOMETREO 17 Via CIENAGA-SANTA MAR CALLE 161A-12, Santa marta, Colombia","(11.2403547, -74.2110227)",11.2403547,-74.2110227
2022,6,47,MAGDALENA,47001,SANTA MARTA,EDS JERUSALEN SION,PUMA,KILOMETREO 17 Via CIENAGA-SANTA MAR CALLE 161A-12,BIODIESEL EXTRA,8550.0,A,"KILOMETREO 17 Via CIENAGA-SANTA MAR CALLE 161A-12, Santa marta, Colombia","(11.2403547, -74.2110227)",11.2403547,-74.2110227
2022,6,47,MAGDALENA,47001,SANTA MARTA,EDS JERUSALEN SION,PUMA,KILOMETREO 17 Via CIENAGA-SANTA MAR CALLE 161A-12,GASOLINA EXTRA OXIGENADA,16900.0,A,"KILOMETREO 17 Via CIENAGA-SANTA MAR CALLE 161A-12, Santa marta, Colombia","(11.2403547, -74.2110227)",11.2403547,-74.2110227
2022,6,47,MAGDALENA,47001,SANTA MARTA,EDS SANTA CRUZ,ESSO,CARRERA 29 No. 42-37,BIODIESEL EXTRA,8880.0,A,"CARRERA 29 No. 42-37, Santa marta, Colombia","(11.2137543, -74.18222349999999)",11.2137543,-74.18222349999999
2022,6,47,MAGDALENA,47001,SANTA MARTA,EDS SANTA CRUZ,ESSO,CARRERA 29 No. 42-37,GASOLINA CORRIENTE OXIGENADA,9040.0,A,"CARRERA 29 No. 42-37, Santa marta, Colombia","(11.2137543, -74.18222349999999)",11.2137543,-74.18222349999999
2022,6,47,MAGDALENA,47001,SANTA MARTA,SUPER STATION LIBANO,PETROMIL,CALLE 53 No. 43-57 VIA ALTERNA AL PUERTO,BIODIESEL EXTRA,8930.0,A,"CALLE 53 No. 43-57 VIA ALTERNA AL PUERTO, Santa marta, Colombia","(11.2508573, -74.1934635)",11.2508573,-74.1934635
2022,6,47,MAGDALENA,47001,SANTA MARTA,SUPER STATION LIBANO,PETROMIL,CALLE 53 No. 43-57 VIA ALTERNA AL PUERTO,GASOLINA CORRIENTE OXIGENADA,9170.0,A,"CALLE 53 No. 43-57 VIA ALTERNA AL PUERTO, Santa marta, Colombia","(11.2508573, -74.1934635)",11.2508573,-74.1934635
2022,6,47,MAGDALENA,47001,SANTA MARTA,SUPER STATION LIBANO,PETROMIL,CALLE 53 No. 43-57 VIA ALTERNA AL PUERTO,GASOLINA EXTRA OXIGENADA,17750.0,A,"CALLE 53 No. 43-57 VIA ALTERNA AL PUERTO, Santa marta, Colombia","(11.2508573, -74.1934635)",11.2508573,-74.1934635
2022,6,47,MAGDALENA,47001,SANTA MARTA,EDS PASO NIVEL,ESSO,Kilometro 15 VIA ALTERNA AL PUERTO DIAGONAL PASO NIVEL,BIODIESEL EXTRA,8930.0,A,"Kilometro 15 VIA ALTERNA AL PUERTO DIAGONAL PASO NIVEL, Santa marta, Colombia","(11.2444359, -74.1854071)",11.2444359,-74.1854071
2022,6,47,MAGDALENA,47001,SANTA MARTA,EDS PASO NIVEL,ESSO,Kilometro 15 VIA ALTERNA AL PUERTO DIAGONAL PASO NIVEL,GASOLINA CORRIENTE OXIGENADA,9180.0,A,"Kilometro 15 VIA ALTERNA AL PUERTO DIAGONAL PASO NIVEL, Santa marta, Colombia","(11.2444359, -74.1854071)",11.2444359,-74.1854071
2022,6,47,MAGDALENA,47001,SANTA MARTA,EDS PASO NIVEL,ESSO,Kilometro 15 VIA ALTERNA AL PUERTO DIAGONAL PASO NIVEL,GASOLINA EXTRA OXIGENADA,17750.0,A,"Kilometro 15 VIA ALTERNA AL PUERTO DIAGONAL PASO NIVEL, Santa marta, Colombia","(11.2444359, -74.1854071)",11.2444359,-74.1854071
2022,6,47,MAGDALENA,47001,SANTA MARTA,EDS CONCEPCION,TERPEL,CALLE 30 No. 31 A-180,BIODIESEL EXTRA,8660.0,A,"CALLE 30 No. 31 A-180, Santa marta, Colombia","(11.2336747, -74.2149005)",11.2336747,-74.2149005
2022,6,47,MAGDALENA,47001,SANTA MARTA,EDS CONCEPCION,TERPEL,CALLE 30 No. 31 A-180,GASOLINA CORRIENTE OXIGENADA,8760.0,A,"CALLE 30 No. 31 A-180, Santa marta, Colombia","(11.2336747, -74.2149005)",11.2336747,-74.2149005
2022,6,47,MAGDALENA,47001,SANTA MARTA,EDS CONCEPCION,TERPEL,CALLE 30 No. 31 A-180,GASOLINA EXTRA OXIGENADA,17499.0,A,"CALLE 30 No. 31 A-180, Santa marta, Colombia","(11.2336747, -74.2149005)",11.2336747,-74.2149005
2022,6,47,MAGDALENA,47001,SANTA MARTA,EDS 22 - 18,TERPEL,Calle 22 No. 17A-140 Alcazares,GASOLINA EXTRA OXIGENADA,16000.0,A,"Calle 22 No. 17A-140 Alcazares, Santa marta, Colombia","(11.2367313, -74.1969618)",11.2367313,-74.1969618
2022,6,47,MAGDALENA,47001,SANTA MARTA,EDS 22 - 18,TERPEL,Calle 22 No. 17A-140 Alcazares,BIODIESEL EXTRA,8690.0,A,"Calle 22 No. 17A-140 Alcazares, Santa marta, Colombia","(11.2367313, -74.1969618)",11.2367313,-74.1969618
2022,6,47,MAGDALENA,47001,SANTA MARTA,EDS 22 - 18,TERPEL,Calle 22 No. 17A-140 Alcazares,GASOLINA CORRIENTE OXIGENADA,8790.0,A,"Calle 22 No. 17A-140 Alcazares, Santa marta, Colombia","(11.2367313, -74.1969618)",11.2367313,-74.1969618
